old_path,new_path,status
/,/,mapped
/10-key-points-to-remember-in-npm-1-mutated-aml-acute-myeloid-leukemia,,needs_content_or_mapping
/200-questions-for-histotechnologists-and-medical-laboratory-scientists,,needs_content_or_mapping
/30-year-old-male-cervical-lymphadenopathy,,needs_content_or_mapping
/35-year-old-male-cervical-lymph-node,,needs_content_or_mapping
/5-conditions-associated-with-peutz-jehers-syndrome,,needs_content_or_mapping
/5-differences-between-perilobar-and-intralobar-nephrogenic-rests,/5-differences-between-perilobar-and-intralobar-nephrogenic-rests,mapped
/5-findings-that-differentiate-histoplasma-from-leishmania,,needs_content_or_mapping
/5-ways-to-differentiate-gliosis-and-glioma,,needs_content_or_mapping
/5-ways-to-differentiate-lewy-body-and-pick-body-in-a-brain-biopsy-or-during-autopsy,,needs_content_or_mapping
/6-key-points-for-boards-micropapillary-breast-carcinoma,,needs_content_or_mapping
/6-key-points-to-remember-in-acute-lymphocytic-lekukemia-t514,,needs_content_or_mapping
/7-key-points-must-know-for-boards-about-secretory-carcinoma-breast,,needs_content_or_mapping
/a-compilation-of-tumors-associated-with-ewsr1-rearrangement,/a-compilation-of-tumors-associated-with-ewsr1-rearrangement,mapped
/a-quick-guide-to-non-neoplastic-esophageal-biopsies,/a-quick-guide-to-non-neoplastic-esophageal-biopsies,mapped
/a-simple-guide-to-diagnosing-columnar-cell-lesions-of-the-breast-with-histopathology,/a-simple-guide-to-diagnosing-columnar-cell-lesions-of-the-breast-with-histopathology,mapped
/a-simplified-approach-to-testicular-biopsies,/a-simplified-approach-to-testicular-biopsies,mapped
/abo-blood-group-quiz-test-your-knowledge-series,/abo-blood-group-quiz-test-your-knowledge-series,mapped
/about,/about,mapped
/about-us,/about,mapped
/actinic-keratosis-annotations,,needs_content_or_mapping
/acute-leukemias-quiz-leaderboard,,needs_content_or_mapping
/adamantinomatous-craniopharyngioma,,needs_content_or_mapping
/adamantinomatous-craniopharyngioma-annotations,,needs_content_or_mapping
/adult-thymus-2,,needs_content_or_mapping
/ai-feedback,,needs_content_or_mapping
/all-about-peutz-jeghers-syndrome,,needs_content_or_mapping
/approach-based-course-histopathology-and-cytology,/courses/approach-based-course-histopathology-and-cytology,mapped
/atypical-fibroxanthoma-ann,,needs_content_or_mapping
/autophagy-general-pathology-mcqs,,needs_content_or_mapping
/autoschizis-a-form-of-cell-death,/autoschizis-a-form-of-cell-death,mapped
/b-cell-clpd-leaderboard,,needs_content_or_mapping
/b-cell-lymphomas-and-multiple-myeloma,,needs_content_or_mapping
/barretts-esophagus-and-their-mimickers,/barretts-esophagus-and-their-mimickers,mapped
/best-value-collections,/shop/bundles,mapped
/bethesda-guidelines-to-diagnose-lynch-syndrome,,needs_content_or_mapping
/biography-of-a-plasma-cell,,needs_content_or_mapping
/black-fungus-white-fungus-and-yellow-fungus,,needs_content_or_mapping
/blog,/blog,mapped
/blog-pathology-mcq,/blog,mapped
/blogs,/blog,mapped
/blood-donation-criteria-mcqs,,needs_content_or_mapping
/bone-and-soft-tissue-pathology-mcq-and-emq-for-frcpath-leaderboard,,needs_content_or_mapping
/breast-benign-fibroadenoma,,needs_content_or_mapping
/breast-biopsy,,needs_content_or_mapping
/breast-biopsy-60-f-hard-lump,,needs_content_or_mapping
/breast-boost-hard-lump,,needs_content_or_mapping
/breast-core-biopsy-60-year-old-female,,needs_content_or_mapping
/breast-cytology-suspicious,,needs_content_or_mapping
/breast-malignant-lobular-carcinoma,,needs_content_or_mapping
/breast-pathology-cases-benign-and-inflammatory,,needs_content_or_mapping
/breast-pathology-mcq-1,/breast-pathology-mcq-1,mapped
/breast-pathology-mcqs-21-05-2021,,needs_content_or_mapping
/c3-glomerulopathies,/c3-glomerulopathies,mapped
/c3-glomerulopathy-a-new-entity-based-on-immunofluorescence,,needs_content_or_mapping
/can-you-guess-the-mutation-in-this-leiomyoma-based-on-these-images,/can-you-guess-the-mutation-in-this-leiomyoma-based-on-these-images,mapped
/can-you-guess-the-type-of-leiomyoma-based-on-the-morphology,/can-you-guess-the-type-of-leiomyoma-based-on-the-morphology,mapped
/cancellation-and-refund-policy,/cancellation-refund-policy,mapped
/carbohydrate-staining-simplified,,needs_content_or_mapping
/carneys-confusion,/carneys-confusion,mapped
/cart,,needs_content_or_mapping
/case-4,,needs_content_or_mapping
/case-43-year-old-female-with-eczematous-change-in-the-nipple-areolar-region,/case-43-year-old-female-with-eczematous-change-in-the-nipple-areolar-region,mapped
/case-43-year-old-male-with-1-cm-painless-lesion-in-the-oral-cavity,/case-43-year-old-male-with-1-cm-painless-lesion-in-the-oral-cavity,mapped
/category/approach-fr-histopathology-and-cytology,,needs_content_or_mapping
/category/biochemistry,/blog/category/biochemistry,mapped
/category/blood-donation-criteria,/blog/category/blood-donation-criteria,mapped
/category/cytology,/blog/category/cytology,mapped
/category/daily-mcqs,/blog/category/daily-mcqs,mapped
/category/endocrine-pathology,/blog/category/endocrine-pathology,mapped
/category/frcpath-part-1-histopathology-2,,needs_content_or_mapping
/category/frcpath-part-2-histopathology,/blog/category/frcpath-part-2-histopathology,mapped
/category/general-pathology,/blog/category/general-pathology,mapped
/category/general-pathology/robbins-questions,/blog/category/robbins-questions,mapped
/category/grossing,/blog/category/grossing,mapped
/category/hematology,/blog/category/hematology,mapped
/category/hematopathology,/blog/category/hematopathology,mapped
/category/hematopathology-mcqs-dm-pgimer,,needs_content_or_mapping
/category/histopathology,/blog/category/histopathology,mapped
/category/histopathology/breast-pathology,/blog/category/breast-pathology,mapped
/category/histopathology/female-genital-pathology,/blog/category/female-genital-pathology,mapped
/category/histopathology/frcpath-part-1-histopathology,/blog/category/frcpath-part-1-histopathology,mapped
/category/histopathology/gastrointestinal-pathology,/blog/category/gastrointestinal-pathology,mapped
/category/histopathology/head-and-neck-pathology,/blog/category/head-and-neck-pathology,mapped
/category/histopathology/microbiology,/blog/category/microbiology,mapped
/category/histopathology/nephropathology,/blog/category/nephropathology,mapped
/category/histopathology/neuropathology,/blog/category/neuropathology,mapped
/category/histopathology/normal-histology-histopathology,,needs_content_or_mapping
/category/histopathology/parasitology,/blog/category/parasitology,mapped
/category/histopathology/soft-tissue-pathology,/blog/category/soft-tissue-pathology,mapped
/category/histopathology/staining,/blog/category/staining,mapped
/category/histopathology/uropathology,/blog/category/uropathology,mapped
/category/histotechniques,/blog/category/histotechniques,mapped
/category/immunofluorescence,/blog/category/immunofluorescence,mapped
/category/immunohistochemistry,/blog/category/immunohistochemistry,mapped
/category/immunology,/blog/category/immunology,mapped
/category/lung-pathology,/blog/category/lung-pathology,mapped
/category/mcqs-for-neet-ss-oncopathology,/blog/category/mcqs-for-neet-ss-oncopathology,mapped
/category/mock-tests,/blog/category/mock-tests,mapped
/category/molecular-pathology,/blog/category/molecular-pathology,mapped
/category/neet-ss-oncopathology,/blog/category/neet-ss-oncopathology,mapped
/category/normal-histology,/blog/category/normal-histology,mapped
/category/oncopathology,/blog/category/oncopathology,mapped
/category/oral-pathology,/blog/category/oral-pathology,mapped
/category/pathology,/blog/category/pathology,mapped
/category/pathology/cell-injury,,needs_content_or_mapping
/category/skin-pathology,/blog/category/skin-pathology,mapped
/category/test-your-knowledge,/blog/category/test-your-knowledge,mapped
/category/transfusion-medicine,/blog/category/transfusion-medicine,mapped
/category/transplant-pathology,/blog/category/transplant-pathology,mapped
/category/uncategorized,/blog/category/uncategorized,mapped
/category/weekly-quizzes,/blog/category/weekly-quizzes,mapped
/category/weekly-topic-mcq,/blog/category/weekly-topic-mcq,mapped
/celebrate-international-pathology-day-2025-20-off-all-courses,/celebrate-international-pathology-day-2025-20-off-all-courses,mapped
/central-chromatolysis,/central-chromatolysis,mapped
/central-nervous-system-tumors-pathology-mcq-pdf,/central-nervous-system-tumors-pathology-mcq-pdf,mapped
/characteristics-of-epithelial-mesenchymal-transition,/characteristics-of-epithelial-mesenchymal-transition,mapped
/chatbot,,needs_content_or_mapping
/checkout,,needs_content_or_mapping
/chenille-bodies-in-elastofibroma,,needs_content_or_mapping
/chronic-active-gastritis-histologic-features,/chronic-active-gastritis-histologic-features,mapped
/clients,,needs_content_or_mapping
/clinical-chemistry-test-your-knowledge-series-10,/clinical-chemistry-test-your-knowledge-series-10,mapped
/clinical-hematology-practice-mcqs-part-2,/clinical-hematology-practice-mcqs-part-2,mapped
/cns-pathology-case-based-mcqs-1,/cns-pathology-case-based-mcqs-1,mapped
/cns-pathology-case-based-mcqs-2,/cns-pathology-case-based-mcqs-2,mapped
/cns-pathology-mcq-1,/cns-pathology-mcq-1,mapped
/cns-pathology-mcq-discussion,/cns-pathology-mcq-discussion,mapped
/cns-tumor-quiz-16-05-2021-answers,,needs_content_or_mapping
/cns-tumors-leaderboard,,needs_content_or_mapping
/cns-tumors-leaderboard-2,,needs_content_or_mapping
/cns-tumors-quiz-18-05-2020,,needs_content_or_mapping
/common-ana-immunofluorescence-patterns,/common-ana-immunofluorescence-patterns,mapped
/commonly-encountered-artifacts-in-cervical-cytology,/commonly-encountered-artifacts-in-cervical-cytology,mapped
/communication-preferences,,needs_content_or_mapping
/community-2,,needs_content_or_mapping
/complete-ini-ss-mock-tests-histopathology-hematopathology,/complete-ini-ss-mock-tests-histopathology-hematopathology,mapped
/complex-fibroadenoma-key-features,/complex-fibroadenoma-key-features,mapped
/comprehensive-frcpath-part-2-histopathologypreparatory-course,,needs_content_or_mapping
/conditions-associated-with-dicer-1-syndrome,,needs_content_or_mapping
/contact-us,/contact,mapped
/convalescent-plasma-donation-criteria-covid-19-mcqs,,needs_content_or_mapping
/courses-2,/courses,mapped
/courses-archive,,needs_content_or_mapping
/courses/approach-based-course-histopathology-and-cytology,/courses/approach-based-course-histopathology-and-cytology,mapped
/courses/approach-based-course-histopathology-and-cytology/lesson/abnormal-uterine-bleeding,,needs_content_or_mapping
/courses/approach-based-course-histopathology-and-cytology/lesson/approach-to-esophageal-biopsies,,needs_content_or_mapping
/courses/approach-based-course-histopathology-and-cytology/lesson/approach-to-non-neoplastic-lymph-node,,needs_content_or_mapping
/courses/approach-based-course-histopathology-and-cytology/lesson/approach-to-small-intestinal-and-colonic-biopsies-approach-video,,needs_content_or_mapping
/courses/approach-based-course-histopathology-and-cytology/lesson/approach-to-small-lung-biopsies-non-neoplastic-and-neoplastic,,needs_content_or_mapping
/courses/approach-based-course-histopathology-and-cytology/lesson/barretts-esophagus-and-neoplasms-of-the-esophagus,,needs_content_or_mapping
/courses/approach-based-course-histopathology-and-cytology/lesson/benign-lesions-of-bladder,,needs_content_or_mapping
/courses/approach-based-course-histopathology-and-cytology/lesson/cervical-cytology-video-lecture,,needs_content_or_mapping
/courses/approach-based-course-histopathology-and-cytology/lesson/chronic-endometritis,,needs_content_or_mapping
/courses/approach-based-course-histopathology-and-cytology/lesson/endometrial-biopsies-video-lecture,,needs_content_or_mapping
/courses/approach-based-course-histopathology-and-cytology/lesson/esophagus-and-stomach-cases-non-neoplastic,,needs_content_or_mapping
/courses/approach-based-course-histopathology-and-cytology/lesson/gastric-biopsies-approach,,needs_content_or_mapping
/courses/approach-based-course-histopathology-and-cytology/lesson/histochemistry-and-immunochemistry-of-muscle,,needs_content_or_mapping
/courses/approach-based-course-histopathology-and-cytology/lesson/introduction-and-normal-cyclical-endometrium,,needs_content_or_mapping
/courses/approach-based-course-histopathology-and-cytology/lesson/normal-muscle-histology,,needs_content_or_mapping
/courses/approach-based-course-histopathology-and-cytology/lesson/papillary-lesions-of-breast,,needs_content_or_mapping
/courses/approach-based-course-histopathology-and-cytology/lesson/pattern-based-approach-to-muscle-biopsies,,needs_content_or_mapping
/courses/approach-based-course-histopathology-and-cytology/lesson/salivary-gland-histo-approach,,needs_content_or_mapping
/courses/complete-ini-ss-mock-tests-histopathology-hematopathology,/courses/complete-ini-ss-mock-tests-histopathology-hematopathology,mapped
/courses/frcpath-part-1-histopathology-course,/courses/frcpath-part-1-histopathology-course,mapped
/courses/frcpath-part-1-histopathology-course/lesson/bone-cysts-and-bone-forming-tumours-2,,needs_content_or_mapping
/courses/frcpath-part-1-histopathology-course/lesson/congenital-abnormalities-git,,needs_content_or_mapping
/courses/frcpath-part-1-histopathology-course/lesson/gestational-trophoblastic-diseases-2,,needs_content_or_mapping
/courses/frcpath-part-1-histopathology-course/lesson/lung-non-neoplastic-conditions-video-lecture,,needs_content_or_mapping
/courses/frcpath-part-1-histopathology-course/lesson/mature-b-cell-lymphomas-video-lecture,,needs_content_or_mapping
/courses/frcpath-part-1-histopathology-course/lesson/mature-t-cell-neoplasms-video-lecture,,needs_content_or_mapping
/courses/frcpath-part-1-histopathology-course/lesson/melanomas-2,,needs_content_or_mapping
/courses/frcpath-part-1-histopathology-course/lesson/ovarian-epithelial-tumors-2,,needs_content_or_mapping
/courses/frcpath-part-1-histopathology-course/lesson/pediatric-renal-tumors-2,,needs_content_or_mapping
/courses/frcpath-part-1-histopathology-course/lesson/serous-fluid-cytology-video-lecture-2,,needs_content_or_mapping
/courses/frcpath-part-1-histopathology-course/lesson/sex-cord-stromal-tumours-of-testis-2,,needs_content_or_mapping
/courses/frcpath-part-1-histopathology-course/lesson/tumors-of-the-salivary-gland,,needs_content_or_mapping
/courses/frcpath-part-1-histopathology-course/lesson/uterine-corpus,,needs_content_or_mapping
/courses/frcpath-part-1-histopathology-course/lesson/vescicobullous-lesions,,needs_content_or_mapping
/courses/frcpath-part-1-histopathology-course/lesson/video-lecture-oral-cavity-odontogenic-and-sinonasal-tumors,,needs_content_or_mapping
/courses/frcpath-part-2-histopathology-complete-preparatory-course/lesson/introduction-and-tips-to-prepare-for-the-exam-by-dr-shruti-mayura,,needs_content_or_mapping
/courses/frcpath-part-2-histopathology-complete-preparatory-course/lesson/long-cases-renal-introduction,,needs_content_or_mapping
/courses/frcpath-part-2-histopathology-complete-preparatory-course/lesson/macro-gross-session-1-2,,needs_content_or_mapping
/courses/frcpath-part-2-histopathology-complete-preparatory-course/lesson/macro-gross-session-2,,needs_content_or_mapping
/courses/frcpath-part-2-histopathology-complete-preparatory-course/lesson/macro-gross-session-3-2,,needs_content_or_mapping
/courses/hematopathology-course,/courses/hematopathology-course,mapped
/courses/hematopathology-course/lesson/acute-leukemias-of-ambiguous-lineage,,needs_content_or_mapping
/courses/hematopathology-course/lesson/acute-lymphoblastic-leukemia,,needs_content_or_mapping
/courses/hematopathology-course/lesson/aml-recurrent-genetic-alterations,,needs_content_or_mapping
/courses/hematopathology-course/lesson/blastic-plasmacytoid-dendritic-neoplasm,,needs_content_or_mapping
/courses/hematopathology-course/lesson/chronic-myeloid-leukemia,,needs_content_or_mapping
/courses/hematopathology-course/lesson/cll-sll,,needs_content_or_mapping
/courses/hematopathology-course/lesson/cutaneous-lymphomas,,needs_content_or_mapping
/courses/hematopathology-course/lesson/ebv-related-b-cell-neoplasms,,needs_content_or_mapping
/courses/hematopathology-course/lesson/essential-thrombocytosis-and-other-mpns,,needs_content_or_mapping
/courses/hematopathology-course/lesson/follicular-lymphoma,,needs_content_or_mapping
/courses/hematopathology-course/lesson/hematology-cell-counters-and-interpretation-of-histograms,,needs_content_or_mapping
/courses/hematopathology-course/lesson/hemolytic-anemias-notes-and-video-lecture,,needs_content_or_mapping
/courses/hematopathology-course/lesson/high-grade-b-cell-lymphomas,,needs_content_or_mapping
/courses/hematopathology-course/lesson/histiocytic-dendritic-cell-neoplasms,,needs_content_or_mapping
/courses/hematopathology-course/lesson/hodgkins-lymphoma,,needs_content_or_mapping
/courses/hematopathology-course/lesson/mastocytosis,,needs_content_or_mapping
/courses/hematopathology-course/lesson/mature-nk-t-cell-neoplasms,,needs_content_or_mapping
/courses/hematopathology-course/lesson/mds-mpn,,needs_content_or_mapping
/courses/hematopathology-course/lesson/miscellaneous-3,,needs_content_or_mapping
/courses/hematopathology-course/lesson/myelodysplastic-syndromes,,needs_content_or_mapping
/courses/hematopathology-course/lesson/myeloid-neoplasm-with-germ-line-predisposition,,needs_content_or_mapping
/courses/hematopathology-course/lesson/myeloid-proliferations-associated-with-downs-syndrome,,needs_content_or_mapping
/courses/hematopathology-course/lesson/plasma-cell-miscellaneous,,needs_content_or_mapping
/courses/hematopathology-course/lesson/plasma-cell-myeloma-variants,,needs_content_or_mapping
/courses/hematopathology-course/lesson/plasma-cell-neoplasms,,needs_content_or_mapping
/courses/hematopathology-course/lesson/polycythemia-vera,,needs_content_or_mapping
/courses/hematopathology-course/lesson/primary-myelofibrosis,,needs_content_or_mapping
/courses/hematopathology-course/lesson/therapy-related-myeloid-neoplasms,,needs_content_or_mapping
/courses/hematopathology-course/lesson/transfusion,,needs_content_or_mapping
/courses/hematopathology-course/lesson/video-lecture-on-acute-leukaemia-interpretation-by-flow-cytometry,,needs_content_or_mapping
/courses/hematopathology-course/lesson/video-lecture-t-cell-lymphoproliferative-lesions-by-flow-cytometry,,needs_content_or_mapping
/courses/neet-ss-dm-oncopathology-course,/courses/neet-ss-dm-oncopathology-course,mapped
/courses/neet-ss-dm-oncopathology-course/lesson/cervix-and-cervical-cytology-video-lecture,,needs_content_or_mapping
/courses/neet-ss-dm-oncopathology-course/lesson/endocrine-pathology-adrenal-pituitary-and-endocrine-pancreas-video-lecture,,needs_content_or_mapping
/courses/neet-ss-dm-oncopathology-course/lesson/liver-and-pancreas-neoplastic-video-lecture,,needs_content_or_mapping
/courses/neet-ss-dm-oncopathology-course/lesson/lung-and-pleural-tumors-video-lecture,,needs_content_or_mapping
/courses/neet-ss-dm-oncopathology-course/lesson/melanomas,,needs_content_or_mapping
/courses/neet-ss-dm-oncopathology-course/lesson/paediatric-high-grade-glioma,,needs_content_or_mapping
/courses/neet-ss-dm-oncopathology-course/lesson/serous-fluid-cytology-video-lecture,,needs_content_or_mapping
/courses/neet-ss-dm-oncopathology-course/lesson/small-intestine-and-colon-video-lecture,,needs_content_or_mapping
/courses/neet-ss-dm-oncopathology-course/lesson/vesicobullous-diseases,,needs_content_or_mapping
/courses/neet-ss-dm-oncopathology-course/lesson/video-quick-review-of-breast-pathology,,needs_content_or_mapping
/courses/neet-ss-dm-oncopathology-course/lesson/who-2021-cns-introduction,,needs_content_or_mapping
/courses/neuropathology-q-bank-and-tests,/courses/neuropathology-q-bank-and-tests,mapped
/cup-like-appearances-in-pathology,/cup-like-appearances-in-pathology,mapped
/cytokeratins-and-their-uses,,needs_content_or_mapping
/cytology-specimen-adequacy-criteria,/cytology-specimen-adequacy-criteria,mapped
/cytopathology-explanatory-videos,,needs_content_or_mapping
/cytopathology-mcqs,,needs_content_or_mapping
/daily-mcq-contest-full-mcq-compilation-with-explanations,/daily-mcq-contest-full-mcq-compilation-with-explanations,mapped
/daily-mcqs-for-frcpathboardsfellowshipsdm,,needs_content_or_mapping
/dashboard-page,,needs_content_or_mapping
/deciphering-heart-transplant-biopsies-acr-amr-and-quilty-lesions-explained,/deciphering-heart-transplant-biopsies-acr-amr-and-quilty-lesions-explained,mapped
/demystifying-pagets-disease-of-the-breast-a-look-at-histology-and-immunohistochemistry,/demystifying-pagets-disease-of-the-breast-a-look-at-histology-and-immunohistochemistry,mapped
/difference-between-clear-cell-rcc-renal-cell-carcinoma-and-clear-cell-papillary-rcc,/difference-between-clear-cell-rcc-renal-cell-carcinoma-and-clear-cell-papillary-rcc,mapped
/difference-between-mordant-ad-accenuator-in-staining,,needs_content_or_mapping
/difference-between-placental-site-trophoblastic-tumor-choriocarcinoma,,needs_content_or_mapping
/difference-between-pstt-placental-site-trophoblastic-tumor-and-choriocarcinoma-vascular-invasion-2,,needs_content_or_mapping
/difference-between-sega-and-gemistocytic-astrocytoma,/difference-between-sega-and-gemistocytic-astrocytoma,mapped
/difference-between-type-i-and-type-ii-endometrial-carcinoma,,needs_content_or_mapping
/differences-between-adamantinomatous-and-papillary-craniopharyngioma,/differences-between-adamantinomatous-and-papillary-craniopharyngioma,mapped
/differences-between-dna-variations,,needs_content_or_mapping
/differences-between-hypergranular-m3-and-microgranular-m3v-variants-of-acute-promyelocytic-leukemia-apml,,needs_content_or_mapping
/differences-between-kimura-disease-and-angiolymphoid-hyperplasia-with-eosinophilia,/differences-between-kimura-disease-and-angiolymphoid-hyperplasia-with-eosinophilia,mapped
/differential-diagnosis-of-giant-cell-rich-bone-lesions,/differential-diagnosis-of-giant-cell-rich-bone-lesions,mapped
/differentiating-common-protozoan-infections-in-the-gi-tract-a-histopathological-perspective,/differentiating-common-protozoan-infections-in-the-gi-tract-a-histopathological-perspective,mapped
/differentiating-congenital-pelger-huet-anomaly-and-acquired-pseudo-pelger-huet-anomaly-5-things-to-consider,,needs_content_or_mapping
/differentiating-intestinal-tuberculosis-from-crohns-disease-a-pathologists-guide,/differentiating-intestinal-tuberculosis-from-crohns-disease-a-pathologists-guide,mapped
/dirofilaria-repens-pathology,/dirofilaria-repens-pathology,mapped
/disclaimer,/disclaimer,mapped
/distinguishing-basal-cell-carcinoma-from-trichoepithelioma-trichoblastoma,/distinguishing-basal-cell-carcinoma-from-trichoepithelioma-trichoblastoma,mapped
/dm-hematopathology-pgimer-recall-questions,/dm-hematopathology-pgimer-recall-questions,mapped
/embracing-precision-the-2023-bethesda-classification-for-thyroid-cytology,/embracing-precision-the-2023-bethesda-classification-for-thyroid-cytology,mapped
/endocrine-pathology-master-quiz-frcpath-leaderboard,,needs_content_or_mapping
/endocrine-pathology-neet-ss-dm-oncopathology-leaderboard,,needs_content_or_mapping
/endocrine-pathology-quiz,/endocrine-pathology-quiz,mapped
/endometriosis-cancer-mimic-pathology-pitfalls,/endometriosis-cancer-mimic-pathology-pitfalls,mapped
/eosinophilic-esophagitis-pathology,/eosinophilic-esophagitis-pathology,mapped
/epithelioid-vascular-tumors-understanding-the-differences,/epithelioid-vascular-tumors-understanding-the-differences,mapped
/erythrocyte-disorders-master-quiz-leaderboard,,needs_content_or_mapping
/esophageal-candidiasis-histologic-diagnosis,/esophageal-candidiasis-histologic-diagnosis,mapped
/ewsr1-smad3-fibroblastic-tumour,/ewsr1-smad3-fibroblastic-tumour,mapped
/exploring-the-microscopic-world-of-cerebellar-hemangioblastoma,/exploring-the-microscopic-world-of-cerebellar-hemangioblastoma,mapped
/familial-biparental-complete-hydatidiform-mole-chm,/familial-biparental-complete-hydatidiform-mole-chm,mapped
/female-genital-pathology-hand-written-notes,,needs_content_or_mapping
/female-genital-tract-pathology-multiple-choice-questions-part-1-uterus-ovary-28-05-21,,needs_content_or_mapping
/female-genital-tract-pathology-quick-quiz,/female-genital-tract-pathology-quick-quiz,mapped
/female-genital-tract-quiz-answers,,needs_content_or_mapping
/fgt-pathology-mcq-emq-for-frcpath-leaderboard,,needs_content_or_mapping
/for-medical-laboratory-scientists,,needs_content_or_mapping
/for-transfusion-medicine-residents,,needs_content_or_mapping
/for-undergraduates,,needs_content_or_mapping
/formalin-pigment-key-facts,/formalin-pigment-key-facts,mapped
/forums,,needs_content_or_mapping
/frcpath-grand-mock-test-3-leaderboard,,needs_content_or_mapping
/frcpath-grand-mock-test-4-leaderboard,,needs_content_or_mapping
/frcpath-histopathology-grand-mock-2-leaderboard,,needs_content_or_mapping
/frcpath-histopathology-grand-mock-2-leaderboard-2,,needs_content_or_mapping
/frcpath-histopathology-mock-test,/frcpath-histopathology-mock-test,mapped
/frcpath-histopathology-part-2-histopathology-mock-test-1-short-surgicals,,needs_content_or_mapping
/frcpath-histopathology-part-2-mock-test-1-frozen-cases,,needs_content_or_mapping
/frcpath-histopathology-part-2-mock-test-1-gross-cases,,needs_content_or_mapping
/frcpath-histopathology-part-2-mock-test-1-long-cases,,needs_content_or_mapping
/frcpath-histopathology-part-2-self-assessment-1-cytology,,needs_content_or_mapping
/frcpath-histopathology-part-2-self-assessment-1-cytology-2,,needs_content_or_mapping
/frcpath-histopathology-part-2-short-surgicals-assessment,,needs_content_or_mapping
/frcpath-mock-test-3-leaderboard,,needs_content_or_mapping
/frcpath-mock-test-questions-leaderboard,,needs_content_or_mapping
/frcpath-part-1-biochemistry-liver-function-tests-and-pathophysiology-of-liver-diseases,/frcpath-part-1-biochemistry-liver-function-tests-and-pathophysiology-of-liver-diseases,mapped
/frcpath-part-1-exam-pattern-mock-leaderboard,,needs_content_or_mapping
/frcpath-part-1-free-mock-test,/frcpath-part-1-free-mock-test,mapped
/frcpath-part-1-histo-complete-mock-1-leaderboard,,needs_content_or_mapping
/frcpath-part-1-histopathology,,needs_content_or_mapping
/frcpath-part-1-histopathology-complete-mock-latest-pattern-leaderboard,,needs_content_or_mapping
/frcpath-part-1-histopathology-course,/courses/frcpath-part-1-histopathology-course,mapped
/frcpath-part-1-histopathology-free-mock-leaderboard,,needs_content_or_mapping
/frcpath-part-1-histopathology-mcqs,,needs_content_or_mapping
/frcpath-part-1-histopathology-mock-test-01-leaderboard,,needs_content_or_mapping
/frcpath-part-2-daily-case,,needs_content_or_mapping
/frcpath-part-2-histopathology-practice-case,/frcpath-part-2-histopathology-practice-case,mapped
/frcpath-part-2-mock-test-cytology,,needs_content_or_mapping
/frcpath-part1-histopathology-mcq-questions,,needs_content_or_mapping
/frequently-asked-questions,,needs_content_or_mapping
/frozen-mock-1-self-assessment,,needs_content_or_mapping
/gastrointestinal-pathology-mcqs,/gastrointestinal-pathology-mcqs,mapped
/gastrointestinal-stromal-tumor-gist-pathology-ihc-molecular-guide,/gastrointestinal-stromal-tumor-gist-pathology-ihc-molecular-guide,mapped
/general-pathology-50-questions-leaderboard,,needs_content_or_mapping
/general-pathology-apoptosis,,needs_content_or_mapping
/general-pathology-cell-cycle-mcqs,,needs_content_or_mapping
/general-pathology-mcq-irreversible-injury-necrosis,,needs_content_or_mapping
/general-pathology-mcqs-topic-cellular-house-keeping,,needs_content_or_mapping
/general-pathology-quiz-leaderboard,,needs_content_or_mapping
/general-pathology-videos,,needs_content_or_mapping
/genetic-alterations-in-salivary-gland-tumors-overview,/genetic-alterations-in-salivary-gland-tumors-overview,mapped
/genetics-of-the-golden-blood-type-rh-null,/genetics-of-the-golden-blood-type-rh-null,mapped
/gi-path-quick-quiz-answers-leaderboard,,needs_content_or_mapping
/git-frcpath-mcq-and-emq-leaderboard,,needs_content_or_mapping
/gross-cases-mock-1-self-assessment,,needs_content_or_mapping
/growth-factors-and-receptors-general-pathology-mcqs,,needs_content_or_mapping
/guess-the-ovarian-carcinoma-based-on-morphology,/guess-the-ovarian-carcinoma-based-on-morphology,mapped
/happy-new-year-2024-special-offer-only-subscribers,/happy-new-year-2024-special-offer-only-subscribers,mapped
/head-and-neck-thorax-cvs-master-quiz-leaderboard,,needs_content_or_mapping
/head-neck-and-salivary-gland-practice-mcqs-leaderboard,,needs_content_or_mapping
/hello-world-2,/hello-world-2,mapped
/hematology-mcq-test-your-knowledge-series-7-2,/hematology-mcq-test-your-knowledge-series-7-2,mapped
/hematology-quiz-test-your-knowledge-series-7,/hematology-quiz-test-your-knowledge-series-7,mapped
/hematopathology-and-transfusion-medicine,,needs_content_or_mapping
/hematopathology-course,/courses/hematopathology-course,mapped
/hematopathology-explanatory-videos,,needs_content_or_mapping
/hematopathology-question-bank,,needs_content_or_mapping
/hemoglobin-electrophoresis-and-hplc-case-based-quiz,/hemoglobin-electrophoresis-and-hplc-case-based-quiz,mapped
/hemophilia-b-leyden-a-rare-form-of-fix-deficiency,/hemophilia-b-leyden-a-rare-form-of-fix-deficiency,mapped
/hemostasis-and-thrombosis-master-quiz-leaderboard,,needs_content_or_mapping
/hemostasis-and-thrombosis-mcq-2,/hemostasis-and-thrombosis-mcq-2,mapped
/hemostasis-and-thrombosis-quiz,/hemostasis-and-thrombosis-quiz,mapped
/hepatocellular-carcinoma-subtypes,/hepatocellular-carcinoma-subtypes,mapped
/her2-ihc-cap-2025-update-low-ultra-low-her2-explained,/her2-ihc-cap-2025-update-low-ultra-low-her2-explained,mapped
/hereditary-renal-carcinoma-syndromes,,needs_content_or_mapping
/histologic-findings-of-inflammatory-myopathies,/histologic-findings-of-inflammatory-myopathies,mapped
/histology-of-the-esophagus-and-stomach-a-comprehensive-overview,/histology-of-the-esophagus-and-stomach-a-comprehensive-overview,mapped
/histopathologic-findings-of-warts-summary,/histopathologic-findings-of-warts-summary,mapped
/histopathological-findings-in-idiopathic-intestitial-pneumonias,,needs_content_or_mapping
/histopathology-notes-volume-1-and-volume-2,,needs_content_or_mapping
/histopathology-notes-volume-1-and-volume-2-2,,needs_content_or_mapping
/histopathology-of-scabies,/histopathology-of-scabies,mapped
/histotechniques-explanatory-videos,,needs_content_or_mapping
/histotechnolgy-multiple-choice-questions-from-bancrofts-theory-and-practice-of-histological-techniques,,needs_content_or_mapping
/home,,needs_content_or_mapping
/home-pathology-multiple-choice-questions,,needs_content_or_mapping
/how-is-microsatellite-instability-msi-tested,/how-is-microsatellite-instability-msi-tested,mapped
/how-to-crack-ini-ss-hematopathology-success-secrets-from-the-toppers,/how-to-crack-ini-ss-hematopathology-success-secrets-from-the-toppers,mapped
/hyperplastic-polyp-pathology,/hyperplastic-polyp-pathology,mapped
/immunohematology-questions-with-answers-2021-07-08,/immunohematology-questions-with-answers-2021-07-08,mapped
/immunology-questions-test-your-knowledge-series-9,/immunology-questions-test-your-knowledge-series-9,mapped
/important-molecular-markers-of-non-small-cell-lung-carcinomansclc,/important-molecular-markers-of-non-small-cell-lung-carcinomansclc,mapped
/important-translocations-in-lymphomas-and-leukemias,,needs_content_or_mapping
/infectious-disease-herpes,,needs_content_or_mapping
/infectious-disease-molluscum-contagiosum,,needs_content_or_mapping
/inherited-platelet-disorders-quiz,/inherited-platelet-disorders-quiz,mapped
/ini-ss-dm-hematopathology-and-histopathology-mock-tests,/ini-ss-dm-hematopathology-and-histopathology-mock-tests,mapped
/ini-ss-dm-hematopathology-mock-test-leaderboard,,needs_content_or_mapping
/ini-ss-dm-hematopathology-recall-questions-leaderboard,,needs_content_or_mapping
/ini-ss-hematopathology-grand-mock-test-3-leaderboard,,needs_content_or_mapping
/ini-ss-hematopathology-mini-mock,,needs_content_or_mapping
/ini-ss-hematopathology-mock-test-02-leaderboard,,needs_content_or_mapping
/ini-ss-hematopathology-mock-test-1,,needs_content_or_mapping
/ini-ss-pathology-mock-tests-after-subscription,,needs_content_or_mapping
/iniss-hematopathology-grand-mock-4-leaderboard,,needs_content_or_mapping
/iniss-hematopathology-mock-leaderboard,,needs_content_or_mapping
/iniss-histopathology-mock-leaderboard,,needs_content_or_mapping
/iniss-neuropathology-mock-leaderboard,,needs_content_or_mapping
/instructor,,needs_content_or_mapping
/instructor-registration-page,,needs_content_or_mapping
/instructors,,needs_content_or_mapping
/interpretation-of-p53-ihc-in-serous-carcinoma-ovary,/interpretation-of-p53-ihc-in-serous-carcinoma-ovary,mapped
/intraductal-carcinoma-of-the-prostate,/intraductal-carcinoma-of-the-prostate,mapped
/invasive-fungal-infections-histopathology-causes-treatment-mcqs,/invasive-fungal-infections-histopathology-causes-treatment-mcqs,mapped
/iron-metabolism-basics,/iron-metabolism-basics,mapped
/juvenile-papillomatosis-a-comprehensive-overview-from-gross-to-microscopic-examination,/juvenile-papillomatosis-a-comprehensive-overview-from-gross-to-microscopic-examination,mapped
/juvenile-polyposis-coli-syndrome,,needs_content_or_mapping
/key-differences-between-classical-hodgkin-lymphoma-and-nodular-lymphocyte-predominant-hodgkins-lymphoma,/key-differences-between-classical-hodgkin-lymphoma-and-nodular-lymphocyte-predominant-hodgkins-lymphoma,mapped
/key-points-in-adenoid-cystic-carcinoma-acc,/key-points-in-adenoid-cystic-carcinoma-acc,mapped
/label-case-5,,needs_content_or_mapping
/latest-posts,,needs_content_or_mapping
/leader-board-for-neetss-breast-pathology-quiz,,needs_content_or_mapping
/leader-board-frcpath-breast-pathology,,needs_content_or_mapping
/leaderboard-for-neet-ss-urinary-system-test,,needs_content_or_mapping
/leaderboard-urinary-system-frcpath,,needs_content_or_mapping
/leiomyosarcoma-diagnostic-criteria,/leiomyosarcoma-diagnostic-criteria,mapped
/lepromatous-leprosy-histopathology,/lepromatous-leprosy-histopathology,mapped
/lets-keep-in-touch,,needs_content_or_mapping
/lichen-planus-annotations,,needs_content_or_mapping
/lippincott-immunology-chapter-1-mcqs-pdf,/lippincott-immunology-chapter-1-mcqs-pdf,mapped
/liver-frcpath-mcq-emq-master-quiz-leaderboard,,needs_content_or_mapping
/login,,needs_content_or_mapping
/login-2,,needs_content_or_mapping
/long-cases-mock-1-self-assessment,,needs_content_or_mapping
/lp-become-a-teacher,,needs_content_or_mapping
/lp-checkout,,needs_content_or_mapping
/lp-profile,,needs_content_or_mapping
/lp-term-conditions,,needs_content_or_mapping
/lung-heart-and-mediastinal-pathology-quiz,/lung-heart-and-mediastinal-pathology-quiz,mapped
/lung-heart-and-mediastinal-tumors-quiz-leaderboard,,needs_content_or_mapping
/lymph-node-pathology-master-quiz-leaderboard,,needs_content_or_mapping
/lymphocytic-vs-eosinophilic-gastrointestinal-inflammation,/lymphocytic-vs-eosinophilic-gastrointestinal-inflammation,mapped
/male-genital-system-master-quiz-leaderboard,,needs_content_or_mapping
/master-guide-to-hamartomatous-polyps-histopathology,/master-guide-to-hamartomatous-polyps-histopathology,mapped
/master-quiz-bone-and-soft-tissue-leaderboard,,needs_content_or_mapping
/master-quiz-fgt-leaderboard,,needs_content_or_mapping
/master-quiz-gi-pathology-leaderboard,,needs_content_or_mapping
/master-quiz-hepatobiliary-and-pancreatic-pathology-leaderboard,,needs_content_or_mapping
/master-quiz-skin-pathology-leaderboard,,needs_content_or_mapping
/mastering-the-ini-ss-hematopathology-exam-secrets-from-the-toppers,/mastering-the-ini-ss-hematopathology-exam-secrets-from-the-toppers,mapped
/mcqs-general-pathology-reversible-cell-injury,,needs_content_or_mapping
/mds-and-mpn-leaderboard,,needs_content_or_mapping
/medulloblastoma-pathology-morphology-immunohistochemistry-and-who-2021-classification,/medulloblastoma-pathology-morphology-immunohistochemistry-and-who-2021-classification,mapped
/melanoma-quiz-some-key-points-and-review,/melanoma-quiz-some-key-points-and-review,mapped
/members,,needs_content_or_mapping
/membership-account,,needs_content_or_mapping
/membership-account/membership-billing,,needs_content_or_mapping
/membership-account/membership-cancel,,needs_content_or_mapping
/membership-account/membership-checkout,,needs_content_or_mapping
/membership-account/membership-confirmation,,needs_content_or_mapping
/membership-account/membership-invoice,,needs_content_or_mapping
/membership-account/membership-levels,,needs_content_or_mapping
/membership-account/your-profile,,needs_content_or_mapping
/membership-join,,needs_content_or_mapping
/membership-join/membership-registration,,needs_content_or_mapping
/membership-login,,needs_content_or_mapping
/membership-login/membership-profile,,needs_content_or_mapping
/membership-login/password-reset,,needs_content_or_mapping
/mgt-master-quiz-frcpath-emq-and-mcqs-leaderboard,,needs_content_or_mapping
/miscellaneous-hematology-leaderboard,,needs_content_or_mapping
/mock-test-1-neet-ss-dm-oncopathology-leaderboard,,needs_content_or_mapping
/mock-test-2-neet-ss-oncopathology-part-i-leaderboard,,needs_content_or_mapping
/mock-tests,/mock-tests,mapped
/molecular-alteration-in-salivary-gland-neoplasms,/molecular-alteration-in-salivary-gland-neoplasms,mapped
/molecular-alterations-in-ependymoma,/molecular-alterations-in-ependymoma,mapped
/molecular-genetics-and-pathogenesis-of-melanoma,/molecular-genetics-and-pathogenesis-of-melanoma,mapped
/molecular-pathogenesis-of-ovarian-epithelial-tumors,,needs_content_or_mapping
/molecular-pathology-of-adipocytic-tumors,,needs_content_or_mapping
/molecular-pathology-quiz,/molecular-pathology-quiz,mapped
/molluscum-contagiosum-vs-myrmecia-wart-histopathology,/molluscum-contagiosum-vs-myrmecia-wart-histopathology,mapped
/morphologic-differences-between-aspergillus-and-mucor,,needs_content_or_mapping
/morphological-endometrial-patterns-associated-with-exogenous-progestins,/morphological-endometrial-patterns-associated-with-exogenous-progestins,mapped
/morphology-and-genetics-quick-correlation-in-acute-myeloid-leukemias-aml,/morphology-and-genetics-quick-correlation-in-acute-myeloid-leukemias-aml,mapped
/morphology-and-immunohistochemical-features-of-trophoblastic-cell-types,/morphology-and-immunohistochemical-features-of-trophoblastic-cell-types,mapped
/mucinous-neoplasms-of-the-appendix,/mucinous-neoplasms-of-the-appendix,mapped
/multiple-choice-questions-hepatocellular-adenomas,/multiple-choice-questions-hepatocellular-adenomas,mapped
/mushroom-shaped-red-blood-cells,/mushroom-shaped-red-blood-cells,mapped
/my-account,,needs_content_or_mapping
/my-test-and-results,,needs_content_or_mapping
/myh-9-associated-congenital-macrothrombocytopenias,/myh-9-associated-congenital-macrothrombocytopenias,mapped
/navigating-the-bethesda-system-for-reporting-cervical-cytology-incorporating-hpv-testing-and-protocols,/navigating-the-bethesda-system-for-reporting-cervical-cytology-incorporating-hpv-testing-and-protocols,mapped
/navigating-the-microscopic-maze-differentiating-intestinal-and-foveolar-adenomas-in-histopathology,/navigating-the-microscopic-maze-differentiating-intestinal-and-foveolar-adenomas-in-histopathology,mapped
/neet-ss-grand-mock-test-5-leaderboard,,needs_content_or_mapping
/neet-ss-mock-test-chapters-1-6-mock-test-leaderboard,,needs_content_or_mapping
/neet-ss-oncopathology-course,,needs_content_or_mapping
/neet-ss-oncopathology-grand-mock-4-leaderboard,,needs_content_or_mapping
/neet-ss-oncopathology-latest-pattern-test-leaderboard,,needs_content_or_mapping
/neet-ss-oncopathology-practice-mcqs,,needs_content_or_mapping
/neet-ss-oncopathology-preparation-top-rankers-approach,/neet-ss-oncopathology-preparation-top-rankers-approach,mapped
/neet-ss-pathology-2025-toppers-reveal-their-winning-formula,/neet-ss-pathology-2025-toppers-reveal-their-winning-formula,mapped
/nerve-and-muscle-technique-leaderboard,,needs_content_or_mapping
/neuropathology-demyelination-diseases-leaderboard,,needs_content_or_mapping
/neuropathology-master-quiz-leaderboard,,needs_content_or_mapping
/neuropathology-q-bank-and-mock-test,/neuropathology-q-bank-and-mock-test,mapped
/neuropathology-sample-materials,,needs_content_or_mapping
/no-history,,needs_content_or_mapping
/non-invasive-follicular-thyroid-neoplasm-with-papillary-like-nuclear-features-niftp-a-comprehensive-diagnostic-guide,/non-invasive-follicular-thyroid-neoplasm-with-papillary-like-nuclear-features-niftp-a-comprehensive-diagnostic-guide,mapped
/non-neoplastic-lymph-node-self-assessment-module,,needs_content_or_mapping
/non-palpable-breast-lesion-calcification-on-mammogram,,needs_content_or_mapping
/normal-bone-marrow,,needs_content_or_mapping
/normal-histology-of-the-thymus,/normal-histology-of-the-thymus,mapped
/normal-marrow-aspiration,,needs_content_or_mapping
/normal-pap-smear-cells-and-the-pap-quiz,/normal-pap-smear-cells-and-the-pap-quiz,mapped
/nuclear-inclusions-and-pseudo-inclusions,/nuclear-inclusions-and-pseudo-inclusions,mapped
/oral-nasal-cvs-and-lung-mcqs-and-emqs-leaderboard,,needs_content_or_mapping
/organic-gallery-with-intro-text,,needs_content_or_mapping
/our-courses,/courses,mapped
/our-courses-notes-e-books,/our-courses-notes-e-books,mapped
/our-notes-hard-copies-pre-book-offer-available,/our-notes-hard-copies-pre-book-offer-available,mapped
/ovarian-tumors-pathology-hand-written-notes,,needs_content_or_mapping
/ovary-malignant-clear-cell-ovarian-carcinoma-ann,,needs_content_or_mapping
/palisading-granulomas-of-the-skin-histological-insights,/palisading-granulomas-of-the-skin-histological-insights,mapped
/paneth-cells-and-paneth-cell-metaplasia-significance,/paneth-cells-and-paneth-cell-metaplasia-significance,mapped
/paneth-cells-vs-neuroendocrine-cells-in-colonic-biopsy-some-tips-to-differentiate,/paneth-cells-vs-neuroendocrine-cells-in-colonic-biopsy-some-tips-to-differentiate,mapped
/paraganglioma-histopathology,/paraganglioma-histopathology,mapped
/paraptosis-a-form-of-cell-death,/paraptosis-a-form-of-cell-death,mapped
/paris-system-for-reporting-urinary-cytology-mcqs,/paris-system-for-reporting-urinary-cytology-mcqs,mapped
/parthanatos-a-form-of-cell-death,/parthanatos-a-form-of-cell-death,mapped
/password-reset,,needs_content_or_mapping
/pathogenesis-of-type-i-and-type-ii-serous-ovarian-carcinomas,,needs_content_or_mapping
/pathology-daily-mcq-contest,/pathology-daily-mcq-contest,mapped
/pathology-daily-mcq-contest-winners-announcement,/pathology-daily-mcq-contest-winners-announcement,mapped
/pathology-mcqs-for-entrance-exams,,needs_content_or_mapping
/pathology-mcqs-for-entrance-exams/liver-gall-bladder-and-pancreas-pathology-multiple-choice-questions-01-06-21,,needs_content_or_mapping
/pathology-puzzle,/pathology-puzzle,mapped
/pathology-slide-assessment,,needs_content_or_mapping
/patterns-in-pathology,,needs_content_or_mapping
/pediatric-renal-tumors-quiz,/pediatric-renal-tumors-quiz,mapped
/perineural-invasion-basics-and-updates,/perineural-invasion-basics-and-updates,mapped
/periodic-acid-schiff-pas-staining-patterns-in-hematopoietic-cells,,needs_content_or_mapping
/peripheral-nervous-system-quiz-mode-leaderboard,,needs_content_or_mapping
/perivascular-epithelioid-cell-tumor,/perivascular-epithelioid-cell-tumor,mapped
/pheochromocytoma-and-paraganglioma-syndromes,/pheochromocytoma-and-paraganglioma-syndromes,mapped
/points-hematoxylin-and-eosin-staining,,needs_content_or_mapping
/practise-questions,,needs_content_or_mapping
/pre-session-assessment,,needs_content_or_mapping
/prepare-for-frcpath-part-2-histopathology-comprehensive-course,/prepare-for-frcpath-part-2-histopathology-comprehensive-course,mapped
/privacy-policy,/privacy-policy,mapped
/product-category/advanced-hematopathology-course,,needs_content_or_mapping
/product-category/dm-neuropathology,,needs_content_or_mapping
/product-category/fellowship-exams,,needs_content_or_mapping
/product-category/frcpath-part-1-histopathology-course,,needs_content_or_mapping
/product-category/frcpath-part-2-histopathology-course,,needs_content_or_mapping
/product-category/hematopathology-notes,,needs_content_or_mapping
/product-category/hematopathology-question-bank,,needs_content_or_mapping
/product-category/histopathology-notes,,needs_content_or_mapping
/product-category/histotechniques-multiple-choice-questions,,needs_content_or_mapping
/product-category/mcqs,,needs_content_or_mapping
/product-category/neet-ss-oncopathology-couse,,needs_content_or_mapping
/product/200-mcqs-for-histotechnologists-and-medical-laboratory-technologists,/courses/200-mcqs-for-histotechnologists-and-medical-laboratory-technologists,mapped
/product/advanced-hematopathology-course,/courses/advanced-hematopathology-course,mapped
/product/approach-based-course-histopathology-and-cytology,/courses/approach-based-course-histopathology-and-cytology,mapped
/product/complete-frcpath-part-1-collection,,needs_content_or_mapping
/product/complete-hard-copy-collection,,needs_content_or_mapping
/product/complete-ini-ss-mock-tests-histopathology-hematopathology,/courses/complete-ini-ss-mock-tests-histopathology-hematopathology,mapped
/product/complete-neet-ss-oncopathology-collection,,needs_content_or_mapping
/product/complete-rcpath-dataset-discussion-for-frcpath-part-1-and-part-2,/courses/complete-rcpath-dataset-discussion-for-frcpath-part-1-and-part-2,mapped
/product/concise-hematopathology-notes-copy,,needs_content_or_mapping
/product/concise-histotechniques-notes-for-easy-learning,,needs_content_or_mapping
/product/cytopathology-chapterwise-comprehensive-notes,,needs_content_or_mapping
/product/frcpath-histopathology-part-1-course,/courses/frcpath-histopathology-part-1-course,mapped
/product/frcpath-part-1-histopathology-complete-mock-tests,/courses/frcpath-part-1-histopathology-complete-mock-tests,mapped
/product/general-pathology-chapterwise-notes,,needs_content_or_mapping
/product/general-pathology-course-video-lectures-self-assessment-modules,/courses/general-pathology-course-video-lectures-self-assessment-modules,mapped
/product/hematopathology-complete-collection-for-dm-fellowships,,needs_content_or_mapping
/product/hematopathology-course,/courses/hematopathology-course,mapped
/product/histopathology-notes-volumes-1-and-2,,needs_content_or_mapping
/product/molecular-pathology-structured-lectures,,needs_content_or_mapping
/product/neet-ss-dm-oncopathology-course,/courses/neet-ss-dm-oncopathology-course,mapped
/product/neet-ss-oncopathology-course-and-test-series,/courses/neet-ss-oncopathology-course-and-test-series,mapped
/product/neet-ss-oncopathology-mock-tests,/courses/neet-ss-oncopathology-mock-tests,mapped
/product/neet-ss-oncopathology-mock-tests-2,/courses/neet-ss-oncopathology-mock-tests-2,mapped
/product/neuropathology-q-bank-and-tests,/courses/neuropathology-q-bank-and-tests,mapped
/product/ultimate-frcpath-part-2-study-program,/courses/ultimate-frcpath-part-2-study-program,mapped
/pseudoangiomatous-stromal-hyperplasia-vs-diabetic-mastopathy-clinicopathologic-differential-diagnosis-and-exam-oriented-review,/pseudoangiomatous-stromal-hyperplasia-vs-diabetic-mastopathy-clinicopathologic-differential-diagnosis-and-exam-oriented-review,mapped
/quality-control-in-laboratory-mcqs,/quality-control-in-laboratory-mcqs,mapped
/question-bank,,needs_content_or_mapping
/quiz,,needs_content_or_mapping
/quiz/62127,,needs_content_or_mapping
/quiz/69997,,needs_content_or_mapping
/quiz/actinic-keratosis-vs-squamous-cell-carcinoma-mcq-practice-block,,needs_content_or_mapping
/quiz/acute-leukemias-master-quiz,,needs_content_or_mapping
/quiz/advanced-donor-screening-deferral-scenarios-part-2-mcqs,,needs_content_or_mapping
/quiz/angiolipoma-histopathology-high-yield-mcqs,,needs_content_or_mapping
/quiz/apoptosis-high-yield-robbins-level-practice-mcqs-with-explanations,,needs_content_or_mapping
/quiz/autophagy-mastery-quiz-difficult-level,,needs_content_or_mapping
/quiz/b-cell-clpd,,needs_content_or_mapping
/quiz/b-cell-lymphoma-and-myeloma-quiz-with-answers,,needs_content_or_mapping
/quiz/b-cell-lymphomas-and-plasma-cell-neoplasms-quiz,,needs_content_or_mapping
/quiz/basic-hematology-techniques-mcqs,,needs_content_or_mapping
/quiz/basic-hematology-techniques-mcqs-2,,needs_content_or_mapping
/quiz/basic-hematology-techniques-mcqs-3,,needs_content_or_mapping
/quiz/basic-hematology-techniques-mcqs-4,,needs_content_or_mapping
/quiz/biochemistry-quiz-lft-and-pathogenesis-of-liver-diseases,,needs_content_or_mapping
/quiz/blood-donation-mcq,,needs_content_or_mapping
/quiz/bone-and-soft-tissue,,needs_content_or_mapping
/quiz/bone-and-soft-tissue-new-frcpath-questions,,needs_content_or_mapping
/quiz/branchial-cleft-cyst-high-yield-mcqs,,needs_content_or_mapping
/quiz/breast,,needs_content_or_mapping
/quiz/breast-pathology-ihc-mcqs,,needs_content_or_mapping
/quiz/breast-pathology-mcq-quiz-mucinous-secretory-micropapillary-breast-carcinoma-with-answers-and-explanations,,needs_content_or_mapping
/quiz/breast-pathology-neet-ss-exam-pattern-test,,needs_content_or_mapping
/quiz/breast-pathology-quiz,,needs_content_or_mapping
/quiz/breast-pathology-quiz-answers,,needs_content_or_mapping
/quiz/bullous-disorders-mcqs,,needs_content_or_mapping
/quiz/c3-glomerulopathies,,needs_content_or_mapping
/quiz/carney,,needs_content_or_mapping
/quiz/case-based-mcqs-on-hplc-and-hemoglobin-electrophoresis,,needs_content_or_mapping
/quiz/case-questions,,needs_content_or_mapping
/quiz/cellcycleoverview,,needs_content_or_mapping
/quiz/cellular-adaptations-mastery-quiz-hypertrophy-hyperplasia-atrophy-metaplasia-robbins-level,,needs_content_or_mapping
/quiz/cellular-aging-pathology-with-detailed-explanations,,needs_content_or_mapping
/quiz/cellularhousekeeping,,needs_content_or_mapping
/quiz/clinical-hematology-mcqs-3,,needs_content_or_mapping
/quiz/cns,,needs_content_or_mapping
/quiz/cns-infections,,needs_content_or_mapping
/quiz/cns-pthology-mcq-discussion,,needs_content_or_mapping
/quiz/cns-tumor-quiz,,needs_content_or_mapping
/quiz/cns-tumors,,needs_content_or_mapping
/quiz/cns-tumors-2,,needs_content_or_mapping
/quiz/cns-tumors-3,,needs_content_or_mapping
/quiz/cns-tumors-practice-mode,,needs_content_or_mapping
/quiz/colon-esd-grossing-staging-practice-examination,,needs_content_or_mapping
/quiz/colorectal-cancer-gross-examination-mcqs-pathology-review-quiz-⭐,,needs_content_or_mapping
/quiz/convalescent-plasma-donation-advanced-mcq-set,,needs_content_or_mapping
/quiz/craniopharyngioma-quiz,,needs_content_or_mapping
/quiz/cytogenetics-in-hematology-mcqs,,needs_content_or_mapping
/quiz/cytologyadequacycriterias-quiz,,needs_content_or_mapping
/quiz/cytopathology-mcqs,,needs_content_or_mapping
/quiz/daily-mcq-contest,,needs_content_or_mapping
/quiz/daily-mcq-contest-full-mcq-compilation-with-explanations,,needs_content_or_mapping
/quiz/daily-mcqs,,needs_content_or_mapping
/quiz/daily-mcqs-category-wise,,needs_content_or_mapping
/quiz/dedifferentiated-pleomorphic-liposarcoma-high-yield-board-mcqs,,needs_content_or_mapping
/quiz/dirofilaria-repens-high-yield-mcqs,,needs_content_or_mapping
/quiz/dirofilaria-repens-pathology-diagnosis-mcqs,,needs_content_or_mapping
/quiz/dm-oncopath-salivary-gland,,needs_content_or_mapping
/quiz/dm-oncopath-thyroid,,needs_content_or_mapping
/quiz/dna-dyes,,needs_content_or_mapping
/quiz/endocrine,,needs_content_or_mapping
/quiz/endocrine-pathology-master-quiz-frcpath,,needs_content_or_mapping
/quiz/endocrine-pathology-mcqs,,needs_content_or_mapping
/quiz/endocrine-pathology-neet-ss-dm-oncopathology,,needs_content_or_mapping
/quiz/endometriosis-cancer-mimics-high-yield-pathology-mcqs-staging-pitfalls,,needs_content_or_mapping
/quiz/eosinophilic-esophagitis-pathology-mcqs-histology-and-diagnosis-quiz,,needs_content_or_mapping
/quiz/erythrocyte-disorders-master-quiz,,needs_content_or_mapping
/quiz/exam-oriented-mcqs-on-intraductal-carcinoma-of-the-prostate-idc-p,,needs_content_or_mapping
/quiz/exam-oriented-mcqs-on-uterine-leiomyosarcoma-histopathology,,needs_content_or_mapping
/quiz/exam-pattern-mock-test,,needs_content_or_mapping
/quiz/female-genital-tract-pathology-uterus-and-ovary,,needs_content_or_mapping
/quiz/female-genital-tract-quiz-ovary-answers-2,,needs_content_or_mapping
/quiz/female-genital-tract-uterus-mcqs,,needs_content_or_mapping
/quiz/fgt,,needs_content_or_mapping
/quiz/fgt-pathology,,needs_content_or_mapping
/quiz/fgt-pathology-mcq-emq-for-frcpath,,needs_content_or_mapping
/quiz/fixation-and-tissue-processing,,needs_content_or_mapping
/quiz/frcpath-breast-pathology-master-quiz,,needs_content_or_mapping
/quiz/frcpath-demo-questions-mcq-emq,,needs_content_or_mapping
/quiz/frcpath-emq-sample-questions,,needs_content_or_mapping
/quiz/frcpath-grand-mock-test-3,,needs_content_or_mapping
/quiz/frcpath-grand-mock-test-4,,needs_content_or_mapping
/quiz/frcpath-histopathology-grand-mock-2,,needs_content_or_mapping
/quiz/frcpath-mock-question-1,,needs_content_or_mapping
/quiz/frcpath-mock-test-2,,needs_content_or_mapping
/quiz/frcpath-mock-test-3,,needs_content_or_mapping
/quiz/frcpath-mock-test-4,,needs_content_or_mapping
/quiz/frcpath-mock-test-questions,,needs_content_or_mapping
/quiz/frcpath-part-1-exam-pattern-mock,,needs_content_or_mapping
/quiz/frcpath-part-1-histo-complete-mock-1,,needs_content_or_mapping
/quiz/frcpath-part-1-histopathology-complete-mock-latest-pattern,,needs_content_or_mapping
/quiz/frcpath-part-1-histopathology-free-mock,,needs_content_or_mapping
/quiz/frcpath-part-1-histopathology-mock-test-01,,needs_content_or_mapping
/quiz/general-neuropathology-q-bank,,needs_content_or_mapping
/quiz/general-pathology-50-questions,,needs_content_or_mapping
/quiz/general-pathology-quiz,,needs_content_or_mapping
/quiz/general-pathology-quiz-with-answers,,needs_content_or_mapping
/quiz/genetic-driver-tumors,,needs_content_or_mapping
/quiz/gestational-trophoblastic-diseases,,needs_content_or_mapping
/quiz/gi-path-quick-quick-answers,,needs_content_or_mapping
/quiz/gi-pathology-quick-quiz,,needs_content_or_mapping
/quiz/giant-cell-rich-lesions-questions,,needs_content_or_mapping
/quiz/gist-pathology-board-review-top-7-high-yield-mcqs-on-kit-pdgfra-and-ihc,,needs_content_or_mapping
/quiz/git,,needs_content_or_mapping
/quiz/git-frcpath-mcq-and-emq,,needs_content_or_mapping
/quiz/git-revision-questions,,needs_content_or_mapping
/quiz/grossing-mcq,,needs_content_or_mapping
/quiz/hamartomatous-polyps-pathology-quiz-mcqs-on-pjs-jps-and-pten-syndromes,,needs_content_or_mapping
/quiz/head-and-neck-thorax-cvs-master-quiz,,needs_content_or_mapping
/quiz/hematopoietic-cells-mcqs,,needs_content_or_mapping
/quiz/hematoxylin-and-eosin-staining-quiz,,needs_content_or_mapping
/quiz/hemophilia-mcqs,,needs_content_or_mapping
/quiz/hemostasis-and-thrombosis-case-based-mcqs,,needs_content_or_mapping
/quiz/hemostasis-and-thrombosis-master-quiz-2,,needs_content_or_mapping
/quiz/hemostasis-and-thrombosis-quiz,,needs_content_or_mapping
/quiz/hepatic-adenomas-bonus-quiz,,needs_content_or_mapping
/quiz/hepatocellular-carcinoma-subtypes-prognosis-mcqs-exam-oriented,,needs_content_or_mapping
/quiz/high-yield-mcqs-disorders-of-hemostasis-pathophysiology,,needs_content_or_mapping
/quiz/high-yield-mcqs-on-chromophobe-renal-cell-carcinoma-vs-oncocytoma,,needs_content_or_mapping
/quiz/high-yield-mcqs-on-diffuse-midline-glioma-h3-k27-altered,,needs_content_or_mapping
/quiz/histogenesis-of-salivary-gland-and-significance,,needs_content_or_mapping
/quiz/histotechniques-faq,,needs_content_or_mapping
/quiz/hyperplastic-polyp-pathology-histology-diagnostic-mcqs,,needs_content_or_mapping
/quiz/ihc-mcqs-based-on-ck7-ck20,,needs_content_or_mapping
/quiz/immunohistochemistry-mcqs,,needs_content_or_mapping
/quiz/infections-git,,needs_content_or_mapping
/quiz/inflammatory-myopathy-mcqs,,needs_content_or_mapping
/quiz/ini-ss-dm-hematopathology-mock-test,,needs_content_or_mapping
/quiz/ini-ss-hematopathology-grand-mock-test-3,,needs_content_or_mapping
/quiz/ini-ss-hematopathology-mini-mock,,needs_content_or_mapping
/quiz/ini-ss-hematopathology-mock-test-02,,needs_content_or_mapping
/quiz/ini-ss-hematopathology-mock-test-1,,needs_content_or_mapping
/quiz/ini-ss-histopathology-mini-mock,,needs_content_or_mapping
/quiz/ini-ss-histopathology-mock-mini-test-3,,needs_content_or_mapping
/quiz/ini-ss-histopathology-mock-test-1,,needs_content_or_mapping
/quiz/ini-ss-neuropathology-mock-test-exam-pattern,,needs_content_or_mapping
/quiz/iniss-hematopathology-grand-mock-4,,needs_content_or_mapping
/quiz/iniss-hematopathology-grand-mock-5,,needs_content_or_mapping
/quiz/iniss-hematopathology-mock-test,,needs_content_or_mapping
/quiz/iniss-hematopathology-mock-test-3,,needs_content_or_mapping
/quiz/iniss-histopathology-mock-test,,needs_content_or_mapping
/quiz/iniss-histopathology-mock-test-2,,needs_content_or_mapping
/quiz/iniss-neuropathology-mock-test-for-all,,needs_content_or_mapping
/quiz/keratinicytic-tumors-mcqs,,needs_content_or_mapping
/quiz/kub-renal,,needs_content_or_mapping
/quiz/lepromatous-leprosy-histopathology-mcqs,,needs_content_or_mapping
/quiz/liver-frcpath-mcq-emq-master-quiz,,needs_content_or_mapping
/quiz/liver-gall-bladder-and-pancreas-pathology,,needs_content_or_mapping
/quiz/liver-gall-bladder-and-pancreas-pathology-quiz-answers,,needs_content_or_mapping
/quiz/liver-pancreas-and-gb,,needs_content_or_mapping
/quiz/lung-heart-and-mediastinal-tumors-quiz,,needs_content_or_mapping
/quiz/lung-tumors-mcqs-based-on-latest-who-updates,,needs_content_or_mapping
/quiz/lymph-node,,needs_content_or_mapping
/quiz/lymph-node-pathology-master-quiz,,needs_content_or_mapping
/quiz/male-genital-system-master-quiz,,needs_content_or_mapping
/quiz/malignant-colonic-polyp-mcqs-haggitt-kikuchi-classification,,needs_content_or_mapping
/quiz/master-quiz-anemias-and-hemoglobinopathies,,needs_content_or_mapping
/quiz/master-quiz-bone-and-soft-tissue,,needs_content_or_mapping
/quiz/master-quiz-fgt,,needs_content_or_mapping
/quiz/master-quiz-gi-pathology,,needs_content_or_mapping
/quiz/master-quiz-hepatobiliary-and-pancreatic-pathology,,needs_content_or_mapping
/quiz/master-quiz-skin-pathology,,needs_content_or_mapping
/quiz/mcq-block-pecoma-types-morphology-and-ihc,,needs_content_or_mapping
/quiz/mcqs-genetic-driver-classification,,needs_content_or_mapping
/quiz/mcqs-important-nsclc-molecular-markers,,needs_content_or_mapping
/quiz/mcqs-neurodegenerative-disease-inclusions,,needs_content_or_mapping
/quiz/mcqs-on-how-to-differentiate-gi-infections,,needs_content_or_mapping
/quiz/mcqs-on-lymphocytic-vs-eosinophilic-gi-inflammation,,needs_content_or_mapping
/quiz/mcqs-on-molecular-classification-of-soft-tissue-tumors,,needs_content_or_mapping
/quiz/mcqs-on-pas-alcian-blue-stain-for-mucins,,needs_content_or_mapping
/quiz/mcqs-on-pseudoangiomatous-stromal-hyperplasia-vs-diabetic-mastopathy,,needs_content_or_mapping
/quiz/mcqs-on-stem-cells-pathology,,needs_content_or_mapping
/quiz/mcqs-on-triple-immunostain-prostate-cancer-and-perineural-invasion,,needs_content_or_mapping
/quiz/mcqs-on-who-2022-reclassification-and-grading-of-goblet-cell-adenocarcinoma-of-the-appendix,,needs_content_or_mapping
/quiz/mcqs-paraganglioma-histopathology-genetics,,needs_content_or_mapping
/quiz/mcqs-paraneoplastic-syndromes-exam-oriented,,needs_content_or_mapping
/quiz/mcqs-undifferentiated-small-round-cell-sarcomas,,needs_content_or_mapping
/quiz/mds-and-mpn,,needs_content_or_mapping
/quiz/mechanisms-of-metastasis,,needs_content_or_mapping
/quiz/medulloblastoma-pathology-mcqs-histology-ihc-and-who-2021-classification,,needs_content_or_mapping
/quiz/melanocytic-tumors-mcqs,,needs_content_or_mapping
/quiz/melanoma-genetic-mutations,,needs_content_or_mapping
/quiz/meningioma-mcqs,,needs_content_or_mapping
/quiz/mgt,,needs_content_or_mapping
/quiz/mgt-master-quiz-frcpath-emq-and-mcqs,,needs_content_or_mapping
/quiz/microscopic-colitis-collagenous-and-lymphocytic-colitis-diagnosis,,needs_content_or_mapping
/quiz/microscopy,,needs_content_or_mapping
/quiz/miscellaneous-hematology,,needs_content_or_mapping
/quiz/mock-test-1-neet-ss-dm-oncopathology,,needs_content_or_mapping
/quiz/mock-test-2-neet-ss-oncopathology-part-2,,needs_content_or_mapping
/quiz/mock-test-2-neet-ss-oncopathology-part-i,,needs_content_or_mapping
/quiz/molecular-alterations-in-salivary-gland-neoplasms,,needs_content_or_mapping
/quiz/molecular-markers-in-non-small-cell-lung-carcinoma,,needs_content_or_mapping
/quiz/molecular-pathology-mcqs,,needs_content_or_mapping
/quiz/molecular-techniques-quiz,,needs_content_or_mapping
/quiz/molluscum-contagiosum-histopathology-vs-myrmecia-wart-high-yield-mcqs,,needs_content_or_mapping
/quiz/msi-testing,,needs_content_or_mapping
/quiz/muscle-flashcard,,needs_content_or_mapping
/quiz/myh-9-associated-disorders-quiz,,needs_content_or_mapping
/quiz/necrosis-quiz-pathologymcq,,needs_content_or_mapping
/quiz/neet-ss-complete-mock-test-3,,needs_content_or_mapping
/quiz/neet-ss-grand-mock-test-5,,needs_content_or_mapping
/quiz/neet-ss-mock-test-chapters-1-6-mock-test,,needs_content_or_mapping
/quiz/neet-ss-oncopathology-grand-mock-4,,needs_content_or_mapping
/quiz/neet-ss-oncopathology-latest-patten-test,,needs_content_or_mapping
/quiz/nerve-and-muscle-technique,,needs_content_or_mapping
/quiz/neurodegenerative-disease-quiz,,needs_content_or_mapping
/quiz/neurodegenerative-diseases-quiz-mode,,needs_content_or_mapping
/quiz/neuropathology-demyelination-diseases,,needs_content_or_mapping
/quiz/neuropathology-general-practice-mode,,needs_content_or_mapping
/quiz/neuropathology-general-q-bank,,needs_content_or_mapping
/quiz/neuropathology-master-quiz,,needs_content_or_mapping
/quiz/neuropathology-sample-questions,,needs_content_or_mapping
/quiz/niftp-questions,,needs_content_or_mapping
/quiz/normal-thymic-histology-and-ihc,,needs_content_or_mapping
/quiz/nuclear-and-cytoplasmic-inclusion-bodies-in-pathology-exam-oriented-mcqs-with-explanations,,needs_content_or_mapping
/quiz/oral-nasal-cvs-and-lung-mcqs-and-emqs,,needs_content_or_mapping
/quiz/oral-nasal-thorax-and-cvs,,needs_content_or_mapping
/quiz/pancreas-pathology-quiz,,needs_content_or_mapping
/quiz/papillary-lesions-of-the-breast-quiz,,needs_content_or_mapping
/quiz/paris-system-for-reporting-urinary-cytology,,needs_content_or_mapping
/quiz/pathologist-personality-quiz,,needs_content_or_mapping
/quiz/peripheral-nervous-system,,needs_content_or_mapping
/quiz/peripheral-nervous-system-practice-mode,,needs_content_or_mapping
/quiz/peutz-jeghers-syndrome-high-yield-mcqs,,needs_content_or_mapping
/quiz/pgimer-dm-hematopathology-recall-quiz,,needs_content_or_mapping
/quiz/pheochromocytoma-mcqs,,needs_content_or_mapping
/quiz/platelet-disorders-mcqs-2,,needs_content_or_mapping
/quiz/practise-question-complex-fibroadenoma,,needs_content_or_mapping
/quiz/practise-question-hanmartomatous-polyps,,needs_content_or_mapping
/quiz/practisequestion,,needs_content_or_mapping
/quiz/programmed-cell-death-beyond-apoptosis,,needs_content_or_mapping
/quiz/prostrate-and-bladder-ihc-mcqs,,needs_content_or_mapping
/quiz/provisional-renal-tumor-entities-in-who-2022,,needs_content_or_mapping
/quiz/quality-control-mcqs-case-scenarios,,needs_content_or_mapping
/quiz/quiz-paneth-cells-and-neuroendocrine-cells-of-colon,,needs_content_or_mapping
/quiz/renal-pathology-pediatric-tumors-quiz,,needs_content_or_mapping
/quiz/renal-pathology-quiz,,needs_content_or_mapping
/quiz/reperfusion-injury-high-yield-pathology-mcqs,,needs_content_or_mapping
/quiz/resin-induced-gastrointestinal-injury,,needs_content_or_mapping
/quiz/reversible-cell-injury-mcq-practice-quiz,,needs_content_or_mapping
/quiz/review-question-1-and-2-peutz-jehers-syndrome-and-hamartomatous-polyps,,needs_content_or_mapping
/quiz/review-question-1-apml,,needs_content_or_mapping
/quiz/review-question-acute-myeloid-leukemia-npm-1,,needs_content_or_mapping
/quiz/review-question-all-rga,,needs_content_or_mapping
/quiz/review-question-secretory-carcinoma-of-breast,,needs_content_or_mapping
/quiz/review-questions-confusing-carbs,,needs_content_or_mapping
/quiz/review-questions-micropapillary-breast-carcinoma,,needs_content_or_mapping
/quiz/review-questions-mucor-and-aspregillus,,needs_content_or_mapping
/quiz/review-questions-pas-in-hematopoietic-cells,,needs_content_or_mapping
/quiz/review-questions-trk-gene-fusion,,needs_content_or_mapping
/quiz/review-questions-tumors-with-smarcb1-loss,,needs_content_or_mapping
/quiz/rhinosporidiosis-high-yield-mcqs,,needs_content_or_mapping
/quiz/robbins-5-latest-pattern-questions,,needs_content_or_mapping
/quiz/robbins-5-latest-pattern-questions-2,,needs_content_or_mapping
/quiz/robbins-chapter-1-high-yield-mcq-quiz,,needs_content_or_mapping
/quiz/robbins-chapter-1-mcqs,,needs_content_or_mapping
/quiz/robbins-chapter-1-the-cell,,needs_content_or_mapping
/quiz/robbins-chapter-10-latest-pattern,,needs_content_or_mapping
/quiz/robbins-chapter-2-latest-pattern-questions,,needs_content_or_mapping
/quiz/robbins-chapter-2-mcqs,,needs_content_or_mapping
/quiz/robbins-chapter-3-latest-pattern-questions,,needs_content_or_mapping
/quiz/robbins-chapter-3-mcqs-inflammation-and-repair,,needs_content_or_mapping
/quiz/robbins-chapter-4-hemodynamics-thromboembolism-and-shock,,needs_content_or_mapping
/quiz/robbins-chapter-4-mcqs,,needs_content_or_mapping
/quiz/robbins-chapter-5-genetics-mcq,,needs_content_or_mapping
/quiz/robbins-chapter-5-questions,,needs_content_or_mapping
/quiz/robbins-chapter-6-immunity,,needs_content_or_mapping
/quiz/robbins-chapter-7-latest-pattern,,needs_content_or_mapping
/quiz/robbins-chapter-7-mcqs-neoplasia,,needs_content_or_mapping
/quiz/robbins-chapter-8-latest-pattern,,needs_content_or_mapping
/quiz/robbins-chapter-9,,needs_content_or_mapping
/quiz/robbins-chapter-9-2,,needs_content_or_mapping
/quiz/robbins-chapter-9-3,,needs_content_or_mapping
/quiz/robbins-chapter-9-latest-pattern,,needs_content_or_mapping
/quiz/robbins-chapter-9-nutritional-and-environment-mcqs,,needs_content_or_mapping
/quiz/robbins-pathology-chapter-6-immunity,,needs_content_or_mapping
/quiz/rosai-dorfman-disease-and-steatocystoma,,needs_content_or_mapping
/quiz/salivary-gland-molecular,,needs_content_or_mapping
/quiz/seo-mcq-block-gastric-adenoma-pathology-quiz,,needs_content_or_mapping
/quiz/seo-mcq-block-gastric-heterotopia-review,,needs_content_or_mapping
/quiz/seo-mcq-block-immune-checkpoint-inhibitor-colitis-practice-questions,,needs_content_or_mapping
/quiz/seo-mcq-block-mucinous-carcinoma-of-the-breast,,needs_content_or_mapping
/quiz/sinonasal-papilloma-mcqs-egfr-hpv-ras-mutations-malignant-transformation,,needs_content_or_mapping
/quiz/skin,,needs_content_or_mapping
/quiz/skin-appendage-tumors-mcqs,,needs_content_or_mapping
/quiz/skin-pathology-master-quiz,,needs_content_or_mapping
/quiz/skin-pathology-mcq-and-emq-for-frcpath,,needs_content_or_mapping
/quiz/skin-pathology-quiz,,needs_content_or_mapping
/quiz/soft-tissue-and-bone-tumors-quiz,,needs_content_or_mapping
/quiz/soft-tissue-tumors-quick-quiz,,needs_content_or_mapping
/quiz/soft-tissue-tumors-quiz,,needs_content_or_mapping
/quiz/some-clinical-hematology-mcqs,,needs_content_or_mapping
/quiz/some-more-clinical-hematology-case-based-mcqs,,needs_content_or_mapping
/quiz/speial-stains-quiz,,needs_content_or_mapping
/quiz/squamous-cell-carcinoma-mcqs,,needs_content_or_mapping
/quiz/squash-smears-cns,,needs_content_or_mapping
/quiz/t-cell-clpd,,needs_content_or_mapping
/quiz/techniques-in-hematology-mcqs,,needs_content_or_mapping
/quiz/test-your-knowledge-abo-blood-groups-quiz,,needs_content_or_mapping
/quiz/test-your-knowledge-basic-apheresis-mcqs-2,,needs_content_or_mapping
/quiz/test-your-knowledge-basic-hematology-hemoglobin-quiz,,needs_content_or_mapping
/quiz/test-your-knowledge-basic-immunohematology,,needs_content_or_mapping
/quiz/test-your-knowledge-basic-immunology,,needs_content_or_mapping
/quiz/test-your-knowledge-blood-components,,needs_content_or_mapping
/quiz/test-your-knowledge-clinical-chemistry,,needs_content_or_mapping
/quiz/test-your-knowledge-donor-selection-criteria,,needs_content_or_mapping
/quiz/test-your-knowledge-minor-blood-groups,,needs_content_or_mapping
/quiz/test-your-knowledge-rh-blood-group-system,,needs_content_or_mapping
/quiz/test-your-knowledge-storage-of-blood-components,,needs_content_or_mapping
/quiz/test-your-knowledge-transfusion-reactions,,needs_content_or_mapping
/quiz/test-your-knowledge-transfusion-transmitted-infections,,needs_content_or_mapping
/quiz/the-pap-quiz,,needs_content_or_mapping
/quiz/thoracic-pathology-frcpath-questions,,needs_content_or_mapping
/quiz/todays-mcq-handpicked-from-our-question-bank,,needs_content_or_mapping
/quiz/todays-mcq-staining,,needs_content_or_mapping
/quiz/tumor-dormancy-pathology-high-yield-mcqs,,needs_content_or_mapping
/quiz/undifferentiated-round-cell-sarcoma,,needs_content_or_mapping
/quiz/unlockingthegenome,,needs_content_or_mapping
/quiz/urinary-master,,needs_content_or_mapping
/quiz/urinary-system,,needs_content_or_mapping
/quiz/urinary-system-complete-master-quiz,,needs_content_or_mapping
/quiz/urinary-system-master-quiz,,needs_content_or_mapping
/quiz/urinary-system-master-quiz-frcpath-emq-and-mcqs,,needs_content_or_mapping
/quiz/von-willebrand-disease-mcqs,,needs_content_or_mapping
/quiz/xxx,,needs_content_or_mapping
/rapid-fire-quizzes,,needs_content_or_mapping
/rb-1-deleted-soft-tissue-tumors,/rb-1-deleted-soft-tissue-tumors,mapped
/recent-posts,,needs_content_or_mapping
/redesign,,needs_content_or_mapping
/region_5_viewer,,needs_content_or_mapping
/register,,needs_content_or_mapping
/register-for-free-exam-pattern-mock-tests-frcpath-part-1-and-neet-ss,/register-for-free-exam-pattern-mock-tests-frcpath-part-1-and-neet-ss,mapped
/renal-pathology-quiz-for-residents,/renal-pathology-quiz-for-residents,mapped
/resin-induced-gastrointestinal-injury,/resin-induced-gastrointestinal-injury,mapped
/rhinosporidiosis-histopathology-case-study,/rhinosporidiosis-histopathology-case-study,mapped
/robbins-10th-edition-chapter-1-mcqs-pdf,,needs_content_or_mapping
/robbins-10th-edition-chapter-wise-multiple-choice-questions,,needs_content_or_mapping
/robbins-chapter-1-mcqs-leaderboard,,needs_content_or_mapping
/robbins-chapter-10-latest-pattern-leaderboard,,needs_content_or_mapping
/robbins-chapter-2-latest-pattern-questions-leaderboard,,needs_content_or_mapping
/robbins-chapter-3-latest-pattern-questions-leaderboard,,needs_content_or_mapping
/robbins-chapter-5-questions-leaderboard,,needs_content_or_mapping
/robbins-chapter-6-immunity-leaderboard,,needs_content_or_mapping
/robbins-chapter-7-latest-pattern-leaderboard,,needs_content_or_mapping
/robbins-chapter-8-latest-pattern-leaderboard,,needs_content_or_mapping
/robbins-chapter-9-latest-pattern-leaderboard,,needs_content_or_mapping
/robbins-pathology-10th-edition-updates,/robbins-pathology-10th-edition-updates,mapped
/robbins-pathology-mcqs-pdf-download,/robbins-pathology-mcqs-pdf-download,mapped
/robbins-pathology-questions-chapterwise-for-entrance-exams,,needs_content_or_mapping
/rosai-dorfman-disease,,needs_content_or_mapping
/rosai-dorfman-disease-2,,needs_content_or_mapping
/salivary-gland-pathology-quiz,/salivary-gland-pathology-quiz,mapped
/sample-case,,needs_content_or_mapping
/sample-mock-cases-frcpath-part-2,,needs_content_or_mapping
/search-the-website,,needs_content_or_mapping
/sertoli-cell-tumors-of-the-testis-an-overview,/sertoli-cell-tumors-of-the-testis-an-overview,mapped
/services,,needs_content_or_mapping
/shipping-and-delivery,/shipping-policy,mapped
/shipping-and-delivery-policy,/shipping-policy,mapped
/shop,,needs_content_or_mapping
/sickle-cell-anemia-mcqs,/sickle-cell-anemia-mcqs,mapped
/significance-of-neutrophil-extracellular-traps-nets,,needs_content_or_mapping
/sinonasal-papilloma-histopathology,/sinonasal-papilloma-histopathology,mapped
/skin-pathology-mcq-and-emq-for-frcpath-leaderboard,,needs_content_or_mapping
/skin-pathology-quiz,/skin-pathology-quiz,mapped
/soft-tissue-and-bone-pathology-quiz,/soft-tissue-and-bone-pathology-quiz,mapped
/soft-tissue-and-bone-tumors-quiz-leaderboard,,needs_content_or_mapping
/some-differences-between-reed-sternberg-rs-cells-and-rs-like-cells,/some-differences-between-reed-sternberg-rs-cells-and-rs-like-cells,mapped
/some-gastrointestinal-pathogens-and-their-differentiating-features,,needs_content_or_mapping
/some-hematology-short-quizzes,/some-hematology-short-quizzes,mapped
/some-histopathology-short-quizzes,/some-histopathology-short-quizzes,mapped
/squash-smears-cns-leaderboard,,needs_content_or_mapping
/stepwise-algorithmic-approach-to-ihc-based-diagnosis-of-lung-carcinoma-a-comprehensive-guide,/stepwise-algorithmic-approach-to-ihc-based-diagnosis-of-lung-carcinoma-a-comprehensive-guide,mapped
/store,/shop,mapped
/student-registration-page,,needs_content_or_mapping
/subscribe-to-our-posts,,needs_content_or_mapping
/summary-of-inclusions-associated-with-neurodegenerative-diseases,/summary-of-inclusions-associated-with-neurodegenerative-diseases,mapped
/summary-of-pediatric-renal-tumors,/summary-of-pediatric-renal-tumors,mapped
/summary-of-precursor-lesions-of-serous-ovarian-carcinoma,/summary-of-precursor-lesions-of-serous-ovarian-carcinoma,mapped
/summary-of-provisional-renal-tumors-according-to-who-2022-urinary-tumors-5th-edition,/summary-of-provisional-renal-tumors-according-to-who-2022-urinary-tumors-5th-edition,mapped
/summary-of-sinonasal-tumors-with-latest-updates-weekly-topic-discussion,/summary-of-sinonasal-tumors-with-latest-updates-weekly-topic-discussion,mapped
/syndromes-associated-with-hamartomatous-polyps,/syndromes-associated-with-hamartomatous-polyps,mapped
/systemic-pathology-articles-and-questions,,needs_content_or_mapping
/t-cell-clpd-leaderboard,,needs_content_or_mapping
/terms-and-conditions,/terms-and-conditions,mapped
/test-your-knowledge-2-rh-blood-group-system,/test-your-knowledge-2-rh-blood-group-system,mapped
/test-your-knowledge-3-minor-blood-group-systems,/test-your-knowledge-3-minor-blood-group-systems,mapped
/test-your-knowledge-4-blood-storage-quiz,/test-your-knowledge-4-blood-storage-quiz,mapped
/test-your-knowledge-5-blood-donation-criteria,/test-your-knowledge-5-blood-donation-criteria,mapped
/test-your-knowledge-6-blood-component-qc,/test-your-knowledge-6-blood-component-qc,mapped
/test-your-knowledge-basic-apheresis,/test-your-knowledge-basic-apheresis,mapped
/thank-you,,needs_content_or_mapping
/thyroid-pathology-quiz,/thyroid-pathology-quiz,mapped
/tips-to-study-for-frcpath-histopathology-part-1,/tips-to-study-for-frcpath-histopathology-part-1,mapped
/tips-to-study-for-neet-ss-oncopathology,,needs_content_or_mapping
/topic-wise-pathology-articles-and-review-questions,,needs_content_or_mapping
/total-mesorectal-excision-tme-grossing-essentials-for-pathologists,/total-mesorectal-excision-tme-grossing-essentials-for-pathologists,mapped
/transfusion-reactions-mcqs-test-your-knowledge-series,/transfusion-reactions-mcqs-test-your-knowledge-series,mapped
/tumors-associated-with-histone-h3-mutations,/tumors-associated-with-histone-h3-mutations,mapped
/tumors-characterized-by-loss-of-smarcb1-ini1,/tumors-characterized-by-loss-of-smarcb1-ini1,mapped
/tumors-coffee-bean-nuclei-pathology,,needs_content_or_mapping
/tumors-showing-trk-gene-fusion,,needs_content_or_mapping
/tutor-certificate,,needs_content_or_mapping
/tutor-certificate-2,,needs_content_or_mapping
/tutor-certificate-3,,needs_content_or_mapping
/tutor-certificate-4,,needs_content_or_mapping
/tutor-certificate-verification,,needs_content_or_mapping
/tutor-certificate-verification-2,,needs_content_or_mapping
/tutor-certificate-verification-3,,needs_content_or_mapping
/tutor-login,,needs_content_or_mapping
/tutor-login-2,,needs_content_or_mapping
/types-of-dna-dyes,/types-of-dna-dyes,mapped
/types-of-severe-combined-immunodeficiency-disease-scid,/types-of-severe-combined-immunodeficiency-disease-scid,mapped
/types-of-thymoma-according-to-who-2021,/types-of-thymoma-according-to-who-2021,mapped
/understanding-chordoma-diagnosis-and-pathology,/understanding-chordoma-diagnosis-and-pathology,mapped
/understanding-histologic-variations-of-nevus-intradermal-junctional-and-compound-types,/understanding-histologic-variations-of-nevus-intradermal-junctional-and-compound-types,mapped
/understanding-meningioma-types-grades-and-who-2021-updates,/understanding-meningioma-types-grades-and-who-2021-updates,mapped
/understanding-p57-in-molar-pregnancy-histopathology-and-diagnostic-role,/understanding-p57-in-molar-pregnancy-histopathology-and-diagnostic-role,mapped
/understanding-papillary-breast-lesions-a-comprehensive-overview,/understanding-papillary-breast-lesions-a-comprehensive-overview,mapped
/understanding-the-differences-low-grade-and-high-grade-dysplasia-in-barretts-esophagus,/understanding-the-differences-low-grade-and-high-grade-dysplasia-in-barretts-esophagus,mapped
/understanding-the-histology-and-pathology-of-salivary-glands-a-detailed-overview,/understanding-the-histology-and-pathology-of-salivary-glands-a-detailed-overview,mapped
/understanding-the-histopathologic-variants-of-cervical-carcinomas-and-precursor-lesions-the-role-of-hpv,/understanding-the-histopathologic-variants-of-cervical-carcinomas-and-precursor-lesions-the-role-of-hpv,mapped
/undifferentiated-round-cell-sarcoma,/undifferentiated-round-cell-sarcoma,mapped
/undifferentiated-small-round-cell-sarcoma,/undifferentiated-small-round-cell-sarcoma,mapped
/unlocking-the-genome-mcqs-general-pathology,,needs_content_or_mapping
/unraveling-serrated-polyps-of-the-intestine-a-comprehensive-guide,/unraveling-serrated-polyps-of-the-intestine-a-comprehensive-guide,mapped
/unraveling-the-complexity-of-myxofibrosarcoma-histopathology-immunohistochemistry-and-differential-diagnosis,/unraveling-the-complexity-of-myxofibrosarcoma-histopathology-immunohistochemistry-and-differential-diagnosis,mapped
/unsubscribe,,needs_content_or_mapping
/unveiling-the-spectrum-of-squamous-skin-lesions-a-histological-odyssey,/unveiling-the-spectrum-of-squamous-skin-lesions-a-histological-odyssey,mapped
/updates-from-who-central-nervous-system-5th-edition-2021-astrocytoma-and-ependymoma,/updates-from-who-central-nervous-system-5th-edition-2021-astrocytoma-and-ependymoma,mapped
/updates-histopathology-and-cytology,,needs_content_or_mapping
/user-account,,needs_content_or_mapping
/user-dashboard,,needs_content_or_mapping
/user-public-account,,needs_content_or_mapping
/uterine-leiomyosarcoma-histopathology-who-2022,/uterine-leiomyosarcoma-histopathology-who-2022,mapped
/vital-supravital-and-intravital-staining,,needs_content_or_mapping
/weekly-topic-covering-mcqs-gist-gastrointestinal-stromal-tumor,/weekly-topic-covering-mcqs-gist-gastrointestinal-stromal-tumor,mapped
/wishlist,,needs_content_or_mapping
/worst-pattern-of-invasion-oral-squamous-cell-carcinoma,/worst-pattern-of-invasion-oral-squamous-cell-carcinoma,mapped
/year-end-offer-extension-until-05-01-2025,/year-end-offer-extension-until-05-01-2025,mapped
/🧾-gross-pearls-anatomy-surgical-resection-of-the-rectum,/🧾-gross-pearls-anatomy-surgical-resection-of-the-rectum,mapped
